qaTitle,description,whatIsThereInvolvment
QA Import 71111,Description Import 71111,injuryIllness
QA Import 71112,Description Import 71112,financial
QA Import 71113,Description Import 71113,actions
QA Import 71114,Description Import 71114,injuryIllness
QA Import 71115,Description Import 71115,financial
QA Import 71116,Description Import 71116,actions
QA Import 71117,Description Import 71117,injuryIllness
QA Import 71118,Description Import 71118,financial
QA Import 71119,Description Import 71119,actions
QA Import 71120,Description Import 71120,actions
